{"_class":"document","do_objectID":"6895CE05-CD2F-4C67-A82D-C5A595166285","colorSpace":1,"currentPageIndex":0,"assets":{"_class":"assetCollection","do_objectID":"348EADA0-FBF7-4B20-851C-F8CF5D77711B","images":[],"colorAssets":[],"exportPresets":[],"gradientAssets":[],"colors":[],"gradients":[]},"fontReferences":[],"foreignLayerStyles":[],"foreignSwatches":[],"foreignSymbols":[],"foreignTextStyles":[],"layerStyles":{"_class":"sharedStyleContainer","do_objectID":"DBB0D7BC-8C52-4F07-8C68-DD9722EDEE68","objects":[]},"layerTextStyles":{"_class":"sharedTextStyleContainer","do_objectID":"A014AB1B-EAC8-4675-95A6-0454E98BD74D","objects":[]},"pages":[{"_class":"MSJSONFileReference","_ref_class":"MSImmutablePage","_ref":"pages\/2FFDFB58-88DB-4181-AF9D-0992465502E8"}],"perDocumentLibraries":[],"sharedSwatches":{"_class":"swatchContainer","do_objectID":"90AE4AAF-7753-4104-9AF5-BCC790A732FA","objects":[]},"patchInfo":{"_class":"MSImmutablePatchInfo","baseVersionID":"9f37a66a-baff-4e8a-b4df-f8e43946dcd1"},"documentState":{"_class":"documentState","cloudShare":{"updatedAt":"2024-03-13T23:01:17.918Z","publicAccessLevel":"NONE","userCanUpdateSettings":1,"userCanLeaveShare":0,"publicUrl":"https:\/\/sketch.cloud\/s\/7b672995-d11d-4ccb-a411-2ead4b1f2aeb","type":"STANDARD","shortId":"7b672995-d11d-4ccb-a411-2ead4b1f2aeb","identifier":"7b672995-d11d-4ccb-a411-2ead4b1f2aeb","commentsEnabled":1,"userIsMember":0,"userCanEdit":1,"currentVersion":{"document":{"slug":"testproj","isProcessing":0,"size":0,"contents":{},"updatedAt":"2024-03-13T23:01:17.928Z","downloadAvailable":0,"identifier":"892b1679-5256-477f-80d4-2839bf75757a","name":"TestProj","createdAt":"2024-03-13T23:01:17.928Z"},"creator":{"updatedAt":"2024-03-13T23:01:17.928Z","identifier":"e6f7f704-28ea-46d4-b872-68ee9dc15b1c","name":"Vladimir","createdAt":"2024-03-13T23:01:17.928Z"},"updatedAt":"2024-03-13T23:01:17.928Z","identifier":"9f37a66a-baff-4e8a-b4df-f8e43946dcd1","shortId":"D1kdxk","createdAt":"2024-03-13T23:01:17.928Z"},"createdAt":"2024-03-13T23:01:17.918Z","name":"TestProj","workspace":{"status":"INACTIVE","userHasEditableContent":0,"userCanEdit":0,"identifier":"d82d4a48-c307-4787-ad97-1a67904514ab","updatedAt":"2024-03-13T23:01:17.928Z","createdAt":"2024-03-13T23:01:17.928Z","customer":{"billing":{},"ssoEnabled":0},"userIsOwner":0}}}}