{"commit":"d1a5e1c06dc048bd44ceabb42ddfb28da229e267","pagesAndArtboards":{"2FFDFB58-88DB-4181-AF9D-0992465502E8":{"name":"Page 1","artboards":{}}},"version":146,"compatibilityVersion":99,"app":"com.bohemiancoding.sketch3","autosaved":0,"variant":"NONAPPSTORE","coeditCompatibilityVersion":145,"created":{"commit":"d1a5e1c06dc048bd44ceabb42ddfb28da229e267","appVersion":"99.5","build":178873,"app":"com.bohemiancoding.sketch3","coeditCompatibilityVersion":145,"compatibilityVersion":99,"version":146,"variant":"NONAPPSTORE"},"saveHistory":["NONAPPSTORE.178873"],"appVersion":"99.5","build":178873}