{"document":{"cloudShare":{"type":"STANDARD","updatedAt":"2024-03-13T23:01:17.918Z","createdAt":"2024-03-13T23:01:17.918Z","commentsEnabled":1,"workspace":{"status":"INACTIVE","userHasEditableContent":0,"userCanEdit":0,"identifier":"d82d4a48-c307-4787-ad97-1a67904514ab","updatedAt":"2024-03-13T23:01:17.928Z","createdAt":"2024-03-13T23:01:17.928Z","customer":{"billing":{},"ssoEnabled":0},"userIsOwner":0,"name":"Vladimir's Workspace"},"currentVersion":{"document":{"slug":"testproj","isProcessing":0,"size":0,"contents":{},"updatedAt":"2024-03-13T23:01:17.928Z","downloadAvailable":0,"identifier":"892b1679-5256-477f-80d4-2839bf75757a","name":"TestProj","createdAt":"2024-03-13T23:01:17.928Z"},"creator":{"updatedAt":"2024-03-13T23:01:17.928Z","identifier":"e6f7f704-28ea-46d4-b872-68ee9dc15b1c","name":"Vladimir","createdAt":"2024-03-13T23:01:17.928Z"},"updatedAt":"2024-03-13T23:01:17.928Z","identifier":"9f37a66a-baff-4e8a-b4df-f8e43946dcd1","shortId":"D1kdxk","createdAt":"2024-03-13T23:01:17.928Z"},"userIsMember":0,"userCanEdit":1,"userCanLeaveShare":0,"name":"TestProj","identifier":"7b672995-d11d-4ccb-a411-2ead4b1f2aeb","publicUrl":"https:\/\/sketch.cloud\/s\/7b672995-d11d-4ccb-a411-2ead4b1f2aeb","publicAccessLevel":"NONE","shortId":"7b672995-d11d-4ccb-a411-2ead4b1f2aeb","userCanUpdateSettings":1}}}